RH;EFONELFO;4.0;NO910478656MVA;NO000000000MVA;0;0;20130404;20140404;NOK;H;Alsell Norge AS;Vestre Svanholmen 4;;4313;SANDNES;NO
RL;5;P10100;;5140;Stål gj.deler sorte og galv 
RL;5;P10201;;5600;Sort adusert deler 
RL;5;P10301;;5600;Galv. adusert deler 
RL;5;P10501;;4710;Diverse kuplinger 
RL;5;P10601;;5000;Alvin Clamps 
RL;5;P10801;;6160;Mapress galv rør 
RL;5;P10802;;5950;Mapress galv rør Sprinkler 
RL;5;P10821;;6200;Mapress galv deler 
RL;5;P10981;;5610;Sømløse stålrør tykkveggede 
RL;5;P11001;;6520;Smijern/sveiste rør 
RL;5;P11002;;6470;Sømløse stålrør normaltykke 
RL;5;P11003;;6640;Handelsrør 
RL;5;P11201;;5400;Sorte presisjonsrør 
RL;5;P11371;;5400;Presisjonsrør galv og syrefast
RL;5;P11501;;6280;Stålbend 
RL;5;P11551;;6080;Stålbend tykkveggede 
RL;5;P12131;;6590;Stål sveiserørdeler 
RL;5;P12132;;6080;T-rør og Endebunner normalgods
RL;5;P12201;;5700;ASTM flens karbon stål 
RL;5;P12202;;5680;ASTM rør karbon stål 
RL;5;P12203;;5750;ASTM sveisedeler karbon stål 
RL;5;P12204;;5320;ASTM sveisedeler syrefast 
RL;5;P12205;;5300;Dekk og skottgjennomf. 
RL;5;P12501;;6040;Stålflenser krage 
RL;5;P12571;;5980;Stålflenser plane 
RL;5;P12601;;5040;Løsflenser, varmg. og PP bel. 
RL;5;P13101;;3660;Kuplinger Straub 
RL;5;P13131;;3780;Klaff RG 
RL;5;P17853;;4940;Høytrykksd. og slangekupl. 
RL;5;P17854;;5070;Snittringskuplinger stål 
RL;5;P17855;;4890;Snittringskuplinger syrefast 
RL;5;P18001;;5400;Flenser 304 
RL;5;P18002;;5790;Sveisede rør 304 
RL;5;P18003;;5440;Sveiserørdeler 304 
RL;5;P18004;;5440;Krager og reduksjoner 304 
RL;5;P18361;;5400;Lettmetall løsflenser 
RL;5;P18511;;4130;Viega rustfrie rør 
RL;5;P19001;;5400;Flenser 316 
RL;5;P19002;;5900;Smidde gjengerørdeler 316 
RL;5;P19003;;6010;Sveisede rør 316 
RL;5;P19004;;5440;Sveiserørdeler 316 
RL;5;P19005;;5440;Krager og reduksjoner 316 
RL;5;P19441;;5680;Støpte gjengerørdeler 316 
RL;5;P19451;;3160;Diverse tilb. til syrefaste rø
RL;5;P19501;;6450;Mapress rustfrie deler 
RL;5;P19502;;6450;Mapress rustfrie rør 
RL;5;P19551;;5450;ASTM flens syrefast 
RL;5;P19552;;5370;ASTM rør syrefast 
RL;5;P20001;;5710;MA deler 
RL;5;P20002;;6260;MA rør 
RL;5;P20341;;5280;WAGA skjøte-flensemuffe 
RL;5;P20461;;5950;Støpejernsrør 
RL;5;P20462;;5160;Støpejernsrør Integral/PE-bele
RL;5;P20581;;5280;Repmuffe og skjøtekupl/muffer 
RL;5;P20701;;5140;ZAK deler 
RL;5;P20731;;5010;Isiflo støpejernsdeler 
RL;5;P20732;;5510;Kjønnsløse Duktile/Tyton deler
RL;5;P20801;;5090;Spareflenser 
RL;5;P21031;;5090;BAIO deler 
RL;5;P21041;;5250;Forsheda / Fernco / Bjøve 
RL;5;P21201;;3960;Skilt 
RL;5;P21681;;5390;Acopipe deler 
RL;5;P21682;;5390;Acopipe rør 
RL;5;P21683;;5390;Acopipe sluk 
RL;5;P21684;;5390;Europipe deler 
RL;5;P21685;;5390;Europipe rør 
RL;5;P21811;;4090;Betong kummer 
RL;5;P21861;;4020;Betong lodd 
RL;5;P22061;;6100;Pipelife PP deler 
RL;5;P22062;;6200;Pipelife PP rør 
RL;5;P22121;;5780;Asto deler 
RL;5;P22122;;5780;Asto rør 
RL;5;P22131;;4410;Friaphon rør og deler 
RL;5;P22141;;4600;Unidrain sluk 
RL;5;P22142;;4900;Vannlåser med tilbehør 
RL;5;P22143;;5820;Wavin PP deler 
RL;5;P22144;;5820;Wavin PP rør 
RL;5;P22201;;5770;Stilla deler 
RL;5;P22202;;5770;Stilla rør 
RL;5;P22211;;4600;Tilbehør for avløpsrør 
RL;5;P22311;;4130;PE diverse deler og ventiler 
RL;5;P22501;;4290;Olastubben jordingsrør 
RL;5;P22502;;4590;Blucher Jordingsrør 
RL;5;P22901;;4860;Geberit PEH deler 
RL;5;P22902;;4860;Geberit PEH rør 
RL;5;P22941;;5070;Silent deler 
RL;5;P22942;;5070;Silent rør 
RL;5;P23501;;5900;Deler PVC trykkrør fra 225-400
RL;5;P23502;;6390;Deler PVC trykkrør fra 63-160 
RL;5;P23503;;5990;PVC trykkrør 63-75-90-110-160 
RL;5;P23504;;5530;PVC trykkrør225-280-315-400 
RL;5;P23621;;4860;Polva 
RL;5;P23911;;5020;PE 80 - PE 100 rette rør 
RL;5;P23921;;5750;PE rør i kveil 
RL;5;P23922;;5750;PE rør storkveil 
RL;5;P24051;;4790;Isoterm deler system T 
RL;5;P24052;;4790;Isoterm rør system T 
RL;5;P24071;;4470;Isolerte rør og deler/varmek. 
RL;5;P24331;;4130;Deler for el.sv. og sprøytest.
RL;5;P24332;;6390;PVC lim deler 
RL;5;P24333;;6390;PVC lim rør 
RL;5;P24721;;5860;Geberit alupexdeler 
RL;5;P24722;;5700;Geberit alupexrør 
RL;5;P24723;;3540;Geberit Verktøy 
RL;5;P25101;;5500;PRK 
RL;5;P25151;;4830;Plasson, Magnum og Astore 
RL;5;P25431;;4770;AHL kupling 
RL;5;P25441;;4830;Talbot 
RL;5;P25611;;5500;Isiflo 
RL;5;P30751;;4780;Deler for kabelrør 
RL;5;P30771;;5920;PP avløpsdeler 110 - 160 - 200
RL;5;P307710;;6720;PVC avløpsrør 200 
RL;5;P307711;;6080;PVC avløpsrør 250-315-400 
RL;5;P307712;;6770;PVC avløpsrør 75 - 125 
RL;5;P30772;;5420;PP avløpsdeler 250-315-400 
RL;5;P30773;;5770;PP avløpsdeler 75 - 125 
RL;5;P30774;;6850;PP avløpsrør 110 - 160 
RL;5;P30775;;6720;PP avløpsrør 200 
RL;5;P30776;;6310;PP avløpsrør 75 -125 
RL;5;P30777;;5270;PVC avløpsdeler 110-160-200 
RL;5;P30778;;5420;PVC avløpsdeler 250-315-400 
RL;5;P30779;;5420;PVC avløpsdeler 75 - 125 
RL;5;P30780;;5840;PVC avløpsrør 75 - 125 
RL;5;P30781;;5760;PVC avløpsrør 110 - 160 
RL;5;P30782;;5680;PVC avløpsrør 200 
RL;5;P30783;;5820;PVC avløpsrør 250-315-400 
RL;5;P31001;;5900;Deler for drens/overvannsrør 
RL;5;P31041;;5830;Korr drensrør i kveil 
RL;5;P31051;;5450;Icopal produkter 
RL;5;P31061;;5750;Overvann, dren og infilt.rør 
RL;5;P31131;;4740;Kabelrør 
RL;5;P32101;;5770;Kummer Wavin 
RL;5;P32451;;4000;Samletanker og sisterner 
RL;5;P32452;;4160;Slamavskillere 
RL;5;P32459;;3930;Fordelings og pumpekummer 
RL;5;P32561;;5570;Fiberduk 
RL;5;P32671;;5570;Jordarmering/Asfaltarmering 
RL;5;P33001;;4830;Kumlokk og rammer NS 
RL;5;P33002;;4770;Kumlokk og rammer 
RL;5;P33021;;4710;Gatesluk m/utstyr 
RL;5;P33101;;4800;Anboringskl.og anb. Vent. 
RL;5;P33181;;4990;Notap Anboringsklammer 
RL;5;P33221;;4990;Flamco T+ 
RL;5;P33511;;4800;Helnor Teleskoprør 
RL;5;P33561;;4870;Teleskoprør / spindelforlenger
RL;5;P33581;;5680;Kummer Pipelife 
RL;5;P33831;;5280;Bakkekraner med tilbehør 
RL;5;P33832;;5200;Isiflo bakkekraner med tilbehø
RL;5;P33931;;4040;ACO sluk 
RL;5;P33941;;4020;Blucher Avløpsrenner 
RL;5;P33942;;4530;Blucher designsluk og renner 
RL;5;P33943;;4370;Blucher sluk/tilbehør rustfrit
RL;5;P33944;;5140;Europipe skipssluk 
RL;5;P34001;;4380;Wavin taksluk 
RL;5;P34011;;5000;Joti designsluk og renner 
RL;5;P34012;;5000;Purus-Joti sluk og tilbehør 
RL;5;P34031;;4380;Jafo sluk og vannlås 
RL;5;P34061;;4350;Diverse rist/tilbehør 
RL;5;P34121;;3680;Vakuumventiler 
RL;5;P34131;;3680;Metava rist/tilbehør 
RL;5;P34141;;3680;Farex terser 
RL;5;P34142;;3280;Inspeksjonsluker 
RL;5;P34180;;4350;ACO Avløpsrenner 
RL;5;P34201;;5910;Bolter og festemat. 
RL;5;P34202;;5540;Kruge patentband 
RL;5;P34401;;5520;Kruge gjengestag/stift 
RL;5;P34402;;5010;Kruge isoklammer 
RL;5;P34403;;5520;Kruge klammer 
RL;5;P34404;;5230;Kruge konsoller 
RL;5;P34405;;5310;Kruge plastkl./dekkskiver 
RL;5;P34406;;5520;Kruge skruer, bolter og tillbe
RL;5;P34407;;5520;Kruge skruklammer 
RL;5;P34408;;5320;Kruge sprinkelklammer 
RL;5;P34409;;5520;Kruge syrefaste klammer 
RL;5;P34701;;4860;Tyco div.festemateriell 
RL;5;P34702;;4860;Tyco rør og hengeklammer 
RL;5;P34841;;5430;Thorsman/Letti 
RL;5;P34931;;4970;Joti plastkalmmer/dekkskiver 
RL;5;P35081;;5320;Woeste plastklammer 
RL;5;P35101;;5750;A.C. klammer 
RL;5;P35102;;4540;Diverse industriklammer 
RL;5;P35131;;5390;Diverse klammer og tillbehør 
RL;5;P40121;;3750;Vannbehandling 
RL;5;P40171;;4540;Drensventil 
RL;5;P40172;;4540;Grovfilter 
RL;5;P40173;;4630;Seglass 
RL;5;P40201;;3990;Vannmålere 
RL;5;P42001;;4810;Oras armatur 
RL;5;P42002;;3850;Oras Safira/Oramix 
RL;5;P42003;;4000;Oras saga/nova 
RL;5;P42004;;4590;Oras Electra 
RL;5;P42041;;4510;Oras dusjutstyr 
RL;5;P42042;;4250;Oras tilbehør 
RL;5;P42201;;4740;Grohe armatur 
RL;5;P42231;;4860;Grohe dusjutstyr 
RL;5;P42232;;3540;Grohe tilbehør 
RL;5;P42421;;3970;HG Armatur 
RL;5;P42441;;4150;HG dusjutstyr 
RL;5;P42442;;3220;HG tilbehør reservedeler 
RL;5;P42901;;4680;Mora armatur 
RL;5;P42941;;4400;Mora dusjutstyr 
RL;5;P42942;;3810;Mora tilbehør 
RL;5;P43001;;4680;FMM 9000 serie 
RL;5;P43002;;4680;FMM armatur 
RL;5;P43031;;4070;FMM Storkjøkkenarmatur 
RL;5;P43032;;4400;FMM dusjutstyr 
RL;5;P43033;;3810;FMM tilbehør 
RL;5;P43401;;4670;GB armatur 
RL;5;P43421;;4510;GB dusjutstyr 
RL;5;P43422;;3530;GB tilbehør 
RL;5;P43851;;5190;Nil/Schell rørdeler 
RL;5;P44121;;3060;Dekkskiver forkrommet 
RL;5;P44122;;3850;Silikon/glidemiddel/hamp 
RL;5;P44221;;3800;Iqua armatur og tilbehør 
RL;5;P44511;;5580;JRGUMAT Blandeventil 
RL;5;P44521;;3590;Grundfos Blandeventiler 
RL;5;P45011;;3750;A.C. dusjutstyr 
RL;5;P45101;;3380;Diverse tilbehør 
RL;5;P45121;;5560;Avløpsrør og deler Joti 
RL;5;P45151;;5390;Diverse plastklammer 
RL;5;P45152;;4410;Faluplast rør og deler 
RL;5;P45153;;3680;Faluplast sluk 
RL;5;P45181;;4410;Dekkskiver, plastkl. osv 
RL;5;P45221;;4290;Pipelife sluk/tilbehør 
RL;5;P45222;;4370;Serres sluk/tilbehør 
RL;5;P50001;;5730;Kappilarrør 
RL;5;P50002;;5340;Kappilarrør gml.std 
RL;5;P50003;;5000;Kobberrør industri 
RL;5;P50021;;5000;Plastbelagte rør 
RL;5;P50022;;5200;Fkr. kobberrør 
RL;5;P50101;;5500;messing rørdeler 
RL;5;P50171;;4710;CuNi deler 
RL;5;P50172;;4710;CuNi rør 
RL;5;P50301;;4420;Diverse rørdeler 
RL;5;P50302;;5610;kappilar rørdeler 
RL;5;P50461;;4460;Viega Pressdeler 
RL;5;P50521;;6160;Mapress kobber deler 
RL;5;P50531;;5300;Mapress CuNi Deler 
RL;5;P50532;;4710;Mapress CuNi rør 
RL;5;P50561;;5730;A-press kobber deler 
RL;5;P50562;;5590;A-press syrefaste deler 
RL;5;P50563;;5730;A-press syrefaste rør 
RL;5;P50571;;4420;A.C. klemringskobling 
RL;5;P50581;;5000;Tectite rørdeler 
RL;5;P50661;;5400;FPL rørdeler 
RL;5;P50671;;5580;a-collection alupex deler 
RL;5;P50672;;5710;a-collection alupex rør 
RL;5;P50711;;5610;Uponor alupexdeler 
RL;5;P50712;;5770;Uponor alupexrør 
RL;5;P50801;;4420;Vatette rørdeler 
RL;5;P50831;;5720;Roth rør 
RL;5;P50931;;4770;Diverse klemringsdeler 
RL;5;P51041;;4420;Olje rørdeler 
RL;5;P51101;;5720;Uponor Tappevann rør 
RL;5;P51102;;5640;Uponor Tappevannsdeler 
RL;5;P51103;;3460;Uponor Verktøy 
RL;5;P51111;;3310;Armaturjonsson Verktøy 
RL;5;P51112;;6000;Sanipex deler 
RL;5;P51113;;5990;Sanipex rør 
RL;5;P51181;;5570;Roth Tappevann deler 
RL;5;P51211;;6500;AJ alupexdeler 
RL;5;P51212;;6500;AJ alupexrør 
RL;5;P55051;;4870;Sluseventiler 
RL;5;P55101;;4720;Deler for sluseventiler 
RL;5;P55121;;4630;Sluseventiler industri 
RL;5;P55341;;5280;Dreiespjeldventil SIP 
RL;5;P55342;;4300;Twin Check 
RL;5;P55361;;4300;Ventiler ARI 
RL;5;P55421;;4400;Armatur div. AISI 316 
RL;5;P55422;;5280;Spjeld/tilbakeslagsvent. VA 
RL;5;P55423;;4760;Blindflensventiler 
RL;5;P55461;;5050;Cim andre ventiler 
RL;5;P55462;;4300;Diverse industri ventiler 
RL;5;P55731;;4370;Rødgodsventiler industri 
RL;5;P55761;;4300;Hurtigstengeventiler 
RL;5;P55762;;4300;Seteventiler SIP 
RL;5;P55771;;4400;Brannvent. Luftevent., hydr. 
RL;5;P55871;;5100;CIM Bakkekraner 
RL;5;P55872;;5420;Cim kuleventiler 
RL;5;P55911;;4930;Diverse VVS ventiler 
RL;5;P56011;;4300;Kuleventiler stål SV 
RL;5;P56211;;4790;Sikkerhetsventiler 
RL;5;P56271;;1190;A.C. red.ventiler 
RL;5;P56351;;4870;Andre støpejernsdeler 
RL;5;P56401;;4420;Danfoss magnetventiler 
RL;5;P56481;;5500;Waterguard Lekkasjestoppere 
RL;5;P56701;;4990;A.C. kuleventiler 
RL;5;P56702;;4920;A-kulan 
RL;5;P56703;;4490;Kuleventil, kompakt STJ 
RL;5;P56704;;4830;Kuleventil AISI 316 
RL;5;P56705;;4490;Kuleventiler stål/316 
RL;5;P56706;;4830;Skyvespjeldventiler 316 
RL;5;P56711;;4490;Kuleventil Stj. m/flens 
RL;5;P56712;;2770;PE Gass rør/deler 
RL;5;P56713;;3760;Aktuatorer og tilbehør 
RL;5;P60001;;4330;PB porselen 
RL;5;P60021;;4740;PB Seven D porselen 
RL;5;P60041;;3810;PB toalettseter 
RL;5;P60042;;3980;PB innb.sist. /betj.pl. 
RL;5;P60043;;3520;PB tilbehør f/porselen 
RL;5;P60221;;4330;GB porselen 
RL;5;P60231;;3940;V&B porselen 
RL;5;P60251;;3810;GB toalettseter 
RL;5;P60252;;3710;V&B toalettseter 
RL;5;P60253;;3520;GB tilbehør f/porselen 
RL;5;P60311;;3580;GB badekar og tilbehør 
RL;5;P60401;;4270;IFØ porselen 
RL;5;P60451;;3360;IFØ innb.sist./betj.pl. 
RL;5;P60461;;3810;IFØ toalettseter 
RL;5;P60471;;3520;IFØ tilbehør f/porselen 
RL;5;P60501;;3580;IFØ badekar og tilbehør 
RL;5;P61301;;3710;A.C. porselen 
RL;5;P61302;;3550;A.C. tilbehør f/porselen 
RL;5;P61303;;3550;A.C. toalettseter 
RL;5;P61571;;3610;Diverse porselen 
RL;5;P61572;;3430;Diverse tilbehør f/innb.sist. 
RL;5;P61573;;3280;Diverse badekar og tilbehør 
RL;5;P61651;;3580;Geberit tilbehør f/innb.sist. 
RL;5;P61661;;4130;Geberit innb.sist./betj.pl. 
RL;5;P61681;;3610;Duravit porselen 
RL;5;P61801;;4250;Foss Badinett 
RL;5;P61851;;3360;Hyttetoaletter og utstyr 
RL;5;P61881;;3320;Duravit toalettseter 
RL;5;P61901;;4210;Pressalit toalettseter 
RL;5;P61911;;4330;Grohe innb.sist. / betj.pl. 
RL;5;P61912;;3580;Grohe tilbehør f/innb.sist. 
RL;5;P61913;;3450;Spyleventiler og deler 
RL;5;P61951;;3960;Diverse tilbehør f/porselen 
RL;5;P62851;;4900;Tema dusj 
RL;5;P62951;;4900;PB dusj 
RL;5;P63011;;4380;GB dusj 
RL;5;P63041;;3420;IFØ rustfritt & tilbehør 
RL;5;P63061;;3320;Blanco kjøkkenvasker 
RL;5;P63062;;4230;IFØ dusj 
RL;5;P63063;;3740;IFØ tilbehør f/dusj 
RL;5;P63111;;4070;A.C. dusj 
RL;5;P63112;;3820;A.C. tilbehør f/dusj 
RL;5;P63113;;3710;A.C. VVS pumper og tilbehør 
RL;5;P63151;;3540;Diverse dusj 
RL;5;P63201;;4120;Intra kjøkkenvasker 
RL;5;P63202;;4120;Intra sanitærprodukter 
RL;5;P63203;;3840;Intra tilbehør 
RL;5;P63204;;4500;Intra Vaskekar 
RL;5;P63241;;3360;Solidar Vaskekar 
RL;5;P65031;;3730;Intra minikjøkken 
RL;5;P65032;;5420;Bauknecht minikjøkken 
RL;5;P65521;;3360;Vifter og utstyr 
RL;5;P70001;;4250;Foss baderomsmøbler 
RL;5;P70002;;4250;Foss møbelpakker 
RL;5;P70131;;3300;Diverse baderomsmøbler 
RL;5;P70171;;3980;PB baderomsmøbler 
RL;5;P70261;;4140;IFØ baderomsmøbler 
RL;5;P70311;;3980;GB baderomsmøbler 
RL;5;P75251;;3360;Diverse dusjtilbehør 
RL;5;P75401;;3540;Diverse speil 
RL;5;P75651;;3470;Inda tilbehør 
RL;5;P80001;;4130;OSO Boligberedere 
RL;5;P80002;;4030;OSO Villavarme 
RL;5;P80121;;3360;OSO Gassprodukter 
RL;5;P80151;;3520;OSO VVB tilbehør/ res.deler 
RL;5;P80201;;3570;CTC Boligberedere 
RL;5;P80202;;3360;CTC VVB tilbehør/ res.deler 
RL;5;P80421;;3360;Div. Villavarme tilbehør/res.d
RL;5;P82001;;4130;CTC Villavarme 
RL;5;P82002;;3360;CTC Villavarme tilbehør/res.de
RL;5;P82003;;2710;CTC Varmepumper 
RL;5;P82004;;2280;Encon Viftekonvektor og tilbh.
RL;5;P82005;;2370;Nibe Berdere og tanker 
RL;5;P82006;;2770;Nibe varmepumper 
RL;5;P82007;;2370;Nibe varmepumper tilbehør 
RL;5;P82008;;2770;Thermia varmepumper 
RL;5;P82021;;4330;OSO Stor berdere 
RL;5;P82351;;4200;Lyngson  Radiator og tilbehør 
RL;5;P82401;;3740;A.C. radiator og tilbehør 
RL;5;P83561;;6170;Arjonfloor varmedeler 
RL;5;P83571;;5440;Roth alupexdeler 
RL;5;P83572;;5440;Roth alupexrør 
RL;5;P83573;;6470;Roth varmedeler 
RL;5;P83574;;6090;Roth varmerør 
RL;5;P83575;;3620;Roth Verktøy 
RL;5;P83611;;6470;Uponor varmedeler 
RL;5;P83612;;6090;Uponor varmerør 
RL;5;P83661;;4420;Anbo rørdeler 
RL;5;P83851;;4120;Oljetanker, fett- og oljeutsk.
RL;5;P83852;;4120;Utstyr for tanker og avskiller
RL;5;P83911;;4540;Tank lufteventiler 
RL;5;P84011;;4290;Flamco produkter 
RL;5;P84012;;3420;Wilo Tanker og tilbehør 
RL;5;P84021;;3570;Grundfos Ekspansjonskar 
RL;5;P84022;;5020;Grundfos Luftutskiller 
RL;5;P84023;;3420;Grundfos Tanker og tilbehør 
RL;5;P84051;;4790;Flamco Sikkerhetsventiler 
RL;5;P84052;;4940;Honeywell VVS ventiler 
RL;5;P84053;;4790;Oventrop strupeventiler 
RL;5;P84054;;4790;SYR Sikkerhetsventiler 
RL;5;P84055;;4930;Honeywell VVS red.ventiler 
RL;5;P84171;;2850;Bosch/IVT L/L Varmepumper 
RL;5;P84172;;3420;Bosch/IVT store varmepumper 
RL;5;P84173;;2370;Væsker varmeanlegg/VP/SOL 
RL;5;P84181;;2960;Bosch/IVT Varmepumper 
RL;5;P84182;;2970;Bosch/IVT VP Tilbehør 
RL;5;P85001;;3800;Radiator tilbehør 
RL;5;P85081;;3670;Siemens Varmestyring 
RL;5;P85221;;5330;TA ventiler og tilbehør 
RL;5;P85251;;5470;Cim Reguleringsventiler 
RL;5;P85301;;4150;ESBE produkter 
RL;5;P85331;;4330;Energimålere 
RL;5;P85332;;4530;Siemens ventiler og tilbehør 
RL;5;P85411;;4250;Kompensator andre 
RL;5;P85421;;5240;Danfoss Varmestyring 
RL;5;P85441;;3850;Danfoss Radiator deler 
RL;5;P85442;;4790;Danfoss Varmedeler 
RL;5;P85501;;4610;Div. Blandeventiler 
RL;5;P85511;;4290;TA/Pneumatex Varmeprodukter 
RL;5;P85521;;5130;Comap Reguleringsventiler 
RL;5;P85611;;4530;Diverse Varmeprodukter 
RL;5;P85612;;4530;Taco lufteventiler 
RL;5;P85613;;4750;Taco Reguleringsventiler 
RL;5;P85621;;4290;Spiro luftutskiller 
RL;5;P85651;;3050;Utstyr/tilbehør f/radiator 
RL;5;P86981;;3360;VVS Gass rør/slanger 
RL;5;P87001;;3360;VVS Gass deler 
RL;5;P87511;;3930;Vannbehandling varmeanlegg 
RL;5;P90011;;4290;Honeywell varmeregulering 
RL;5;P90012;;3930;Nira/Sigma pumpe og tilbehør 
RL;5;P90031;;3910;Wilo VVS pumper og tilbehør 
RL;5;P90041;;3670;Wilo vannforsyningspumper 
RL;5;P90071;;4330;Danfoss VVS pumpetilbehør 
RL;5;P90201;;3730;Xylem VVS pumper og tilbehør 
RL;5;P90202;;3360;Xylem Tanker og tilbehør 
RL;5;P90231;;3420;Saniflo Avløpsautomat 
RL;5;P90232;;3640;Wilo VA Pumper og tilbehør 
RL;5;P90401;;4760;Grundfos vannforsyningspumper 
RL;5;P90421;;4870;Grundfos VVS pumper og tilbehø
RL;5;P90451;;4160;Grundfos VA pumper og tilbehør
RL;5;P91011;;4330;Rustfrie bunnsiler til pumpele
RL;5;P92001;;3650;Nor kuplinger 
RL;5;P92041;;4200;Itas Branntrommel 
RL;5;P92101;;4290;NOHA utstyr f/branntrommel 
RL;5;P92131;;4200;Noha Branntrommel 
RL;5;P92501;;4100;Dreiespjeldventil Andre 
RL;5;P92502;;5080;Kruge Recom 
RL;5;P92503;;5080;Sprinklerdeler 
RL;5;P92521;;4890;Industri klammer RAPE 
RL;5;P92522;;4250;Industriarmatur 
RL;5;P92911;;3160;Slangekl., kuplinger etc 
RL;5;P92912;;3010;Trico flex slanger 
RL;5;P93001;;4090;Industrislanger 
RL;5;P93011;;3010;Div. slanger 
RL;5;P93041;;3020;Avløpsslanger 
RL;5;P93051;;3020;Diverse VVS trykkslanger 
RL;5;P93121;;2910;Hageslanger og tilbehør 
RL;5;P93141;;3110;Colortap deler 
RL;5;P93161;;2520;Flexit sentralstøvsuger 
RL;5;P93201;;3110;Nito deler 
RL;5;P94101;;5530;Rockwool mineralullskåler 
RL;5;P94321;;5430;Islolasjonsskåler 
RL;5;P94322;;5430;Isolasjonsplater 
RL;5;P94411;;2650;Brannmateriell 
RL;5;P94433;;3360;Glassfiber produkter 
RL;5;P94434;;5540;Div. isolasjon 
RL;5;P94435;;5400;Kaimann Isolasjon 
RL;5;P94551;;5880;Armacell Armaflex rørskåler 
RL;5;P94552;;3920;Tilbehør f/isolasjon 
RL;5;P95081;;5840;Pakningsmateriell 
RL;5;P97061;;3350;Manometer og termometer 
RL;5;P98121;;3960;VA Verktøy 
RL;5;P98151;;4930;Div. lekkasjestoppere 
RL;5;P98152;;3550;A.C. kjemisk 
RL;5;P98153;;3690;Latona kjemisk 
RL;5;P98211;;4570;Tilbehør 
RL;5;P9999;;0;Nettoprisede Artikler 
RL;4;2569651;;5400;Isiflo Sprint Union 20mm 
RL;4;2569652;;5400;Isiflo Sprint Union 25mm 
RL;4;2569653;;5400;Isiflo Sprint Union 32mm 
RL;4;2569654;;5400;Isiflo Sprint Union 40mm 
RL;4;2569655;;5400;Isiflo Sprint Union 50mm 
RL;4;2569656;;5400;Isiflo Sprint Union 63mm 
RL;4;2569657;;5400;Isiflo Sprint Tippuni. 20x1/2" 
RL;4;2569658;;5400;Isiflo Sprint Tippuni.25x3/4" 
RL;4;2569659;;5400;Isiflo Sprint Tippunion 32x1" 
RL;4;2569661;;5400;Isiflo Sprint Tippun.40x1.1/4" 
RL;4;2569662;;5400;Isiflo Sprint Tippu.50x 1.1/2" 
RL;4;2569663;;5400;Isiflo Sprint Tippunion 63x2" 
RL;4;2569664;;5400;Isiflo Sprint Tippuni. 32x3/4" 
RL;4;2569665;;5400;Isiflo Sprint Tippunion 40x1" 
RL;4;2569666;;5400;Isiflo Sprint Union  25x1" 
RL;4;2569667;;5400;Isiflo Sprint Union 20x1/2" 
RL;4;2569668;;5400;Isiflo Sprint Union 25x3/4" 
RL;4;2569669;;5400;Isiflo Sprint Union 32x3/4" 
RL;4;2569671;;5400;Isiflo Sprint Union 32x1" 
RL;4;2569672;;5400;Isiflo Sprint Union 40x1" 
RL;4;2569673;;5400;Isiflo Sprint Union 40x1.1/4" 
RL;4;2569674;;5400;Isiflo Sprint Union 50x1.1/2" 
RL;4;2569675;;5400;Isiflo Sprint Union 63x2" 
RL;4;2569676;;5400;Isiflo Sprint Albu 20mm 
RL;4;2569677;;5400;Isiflo Sprint Albu 25mm 
RL;4;2569678;;5400;Isiflo Sprint Albu 32mm 
RL;4;2569679;;5400;Isiflo Sprint Albu 40mm 
RL;4;2569681;;5400;Isiflo Sprint Albu 50mm 
RL;4;2569682;;5400;Isiflo Sprint Albu 63mm 
RL;4;2569683;;5400;Isiflo Sprint Albu 20x1/2" 
RL;4;2569684;;5400;Isiflo Sprint Albu 25x3/4" 
RL;4;2569685;;5400;Isiflo Sprint Albu 32x1" 
RL;4;2569686;;5400;Isiflo Sprint Albu 40x1.1/4" 
RL;4;2569687;;5400;Isiflo Sprint Albu 40x1.1/2" 
RL;4;2569688;;5400;Isiflo Sprint Albu 50x1.1/2" 
RL;4;2569689;;5400;Isiflo Sprint Albu 63x2" 
RL;4;2569691;;5400;Isiflo Sprint T-rør 20mm 
RL;4;2569692;;5400;Isiflo Sprint T-rør 25mm 
RL;4;2569693;;5400;Isiflo Sprint T-rør 32mm 
RL;4;2569694;;5400;Isiflo Sprint T-rør 40mm 
RL;4;2569695;;5400;Isiflo Sprint T-rør 50mm 
RL;4;2569696;;5400;Isiflo Sprint T-rør 63mm 
RL;4;4513398;;3000;1 1/4" x 32mm Flaskevannlås 
RL;4;1001012;2761;0;1" 33,7x3,2 stålrør gj 
RL;4;1001014;3454;0;11/4" 42,4x3,2 stålrør gj 
RL;4;1001016;3794;0;11/2" 48,3x3,2 stålrør gj 
RL;4;1001018;5592;0;2" 60,3x3,6 stålrør gj 
RL;4;1001109;2572;0;3/4" 26,9x2,6 stålrør gj galv 
RL;4;1001112;3871;0;1" 33,7x3,2 stålrør gj galv 
RL;4;1001114;4982;0;11/4" 42,4x3,2 stålrør gj galv 
RL;4;1001116;5715;0;11/2" 48,3x3,2 stålrør gj galv 
RL;4;1001118;8066;0;2" 60,3x3,6 stålrør gj galv 
RL;4;1001121;10323;0;21/2" 76,1x3,6 stålrør gj galv 
RL;4;1080019;3924;0;28 x 1.5 mm galv stålrør 
RL;4;1080023;5127;0;35 x 1.5 mm galv stålrør 
RL;4;1082129;4864;0;28mm x90' galv bend m/2 muffer 
RL;4;1118099;4831;0;60,3x2,9 sv stålrør P235TR 
RL;4;1118133;6000;0;76,1x2,9 sv stålrør P235TR 
RL;4;1118155;8015;0;88,9x3,2 sv stålrør P235TR 
RL;4;1118188;10530;0;114,3x3,6 sv stålrør P235TR 
RL;4;1150933;2270;0;76,1x2,9 stålbend 90 P235GH 
RL;4;1150955;3570;0;88,9x3,2 stålbend 90 P235GH 
RL;4;1150988;6350;0;114,3x3,6 stålbend 90 P235GH 
RL;4;1950019;13300;0;28 x 1.2 mm syref. stålrør 
RL;4;1950029;28824;0;54 x 1.5 mm syref. stålrør 
RL;4;2000319;10916;0;58 mm MA avløpsrør 
RL;4;2000419;10190;0;75 mm MA avløpsrør 
RL;4;2000619;12645;0;110 mm MA avløpsrør 
RL;4;2002194;5988;0;75 mm x 45' MA bend 
RL;4;2002209;6072;0;75 mm x 87,5' MA bend 
RL;4;2007329;3548;0;75 mm MA jetkobling rød Epoxy 
RL;4;2007339;3835;0;110 mm MA jetkobling rød Epoxy 
RL;4;2007529;4039;0;75 mm MA kobling rustfri Joti 
RL;4;2007539;5140;0;110 mm MA kobling rustfri Joti 
RL;4;2011703N5;10916;0;58 mm x 3.00 mtr MA avløpsrør 
RL;4;2011706N5;10418;0;75 mm x 3.00 mtr MA avløpsrør 
RL;4;2011709N5;12645;0;110 mm x 3.00 mtr MA avløpsrør 
RL;4;2011733;5988;0;75 mm x 45.0° MA bend 
RL;4;2011736;6300;0;75 mm x 88.5° MA bend 
RL;4;2011744;9559;0;110 mm x 88.5° MA bend 
RL;4;2011796;14820;0;110 x 75 mm x 45.0° MA grenrør 
RL;4;2212036;7727;0;78 mm Asto avløpsrør u/muffe 
RL;4;2212044;10754;0;110 mm Asto avløpsrør u/muffe 
RL;4;2214358;3884;0;32x 1 1/4" HepVO adapter rett 
RL;4;2214359;3362;0;32x 1 1/4" HepVO adapter 87,5' 
RL;4;2215315;5986;0;75 x 2,6 x 1000mm sort PP rør 
RL;4;2215316;4140;0;75 x 2,6 x 3000mm sort PP rør 
RL;4;2215317;8198;0;110 x 3.8 x 1000mm sort PP rør 
RL;4;2215318;5027;0;110 x 3,8 x 3000mm sort PP rør 
RL;4;2215319;5027;0;110 x 3,8 x 6000mm sort PP rør 
RL;4;2215321;3415;0;75 x 2,6 x 3000 mm sort PP rør 
RL;4;2215322;4588;0;110 x 3,8 x 3000mm sort PP rør 
RL;4;2215324;2344;0;75 mm sort  PP dobbeltmuffe 
RL;4;2215325;3477;0;110 mm sort  PP dobbeltmuffe 
RL;4;2215326;2344;0;75 mm sort  PP løpemuffe 
RL;4;2215327;3477;0;110 mm sort  PP løpemuffe 
RL;4;2215328;2914;0;75 mm x 15° sort  PP bend 
RL;4;2215329;4278;0;110 mm x 15° sort  PP bend 
RL;4;2215331;2992;0;75 mm x 30° sort  PP bend 
RL;4;2215332;4278;0;110 mm x 30° sort  PP bend 
RL;4;2215333;2914;0;75 mm x 45° sort  PP bend 
RL;4;2215334;4278;0;110 mm x 45° sort  PP bend 
RL;4;2215335;2834;0;75 x 67° Wafix PP bend sort 
RL;4;2215336;4161;0;110 x 67° Wafix PP bend sort 
RL;4;2215337;2914;0;75 mm x 88° sort  PP bend 
RL;4;2215338;4278;0;110 mm x 88° sort  PP bend 
RL;4;2215342;3596;0;75/ 50 mm x 45° sort  PP gren 
RL;4;2215343;4134;0;75 mm x 45° sort  PP grenrør 
RL;4;2215344;4499;0;110/ 50 mm x 45° sort  PP gren 
RL;4;2215345;5824;0;110/ 75 mm x 45° sort  PP gren 
RL;4;2215346;7553;0;110 mm x 45° sort  PP gren 
RL;4;2215347;3596;0;75/ 50 mm x 88° sort  PP gren 
RL;4;2215348;4134;0;75 mm x 88° sort  PP grenrør 
RL;4;2215349;4499;0;110/ 50 mm x 88° sort  PP gren 
RL;4;2215351;5824;0;110/ 75 mm x 88° sort  PP gren 
RL;4;2215352;7553;0;110 mm x 88° sort  PP gren 
RL;4;2215353;7987;0;110 mm x 88° sort  PP gren 
RL;4;2215356;2309;0;75/ 50 mm sort  PP reduksjon 
RL;4;2215357;2767;0;110/ 50 mm sort  PP reduksjon 
RL;4;2215358;2991;0;110/ 75 mm sort  PP reduksjon 
RL;4;2215359;5865;0;75 mm sort  PP stakerør m/lokk 
RL;4;2215361;8067;0;110mm sort  PP stakerør m/lokk 
RL;4;2215364;2062;0;75 mm sort  PP ters 
RL;4;2215365;2799;0;110 mm sort  PP ters 
RL;4;2215388;2309;0;75 x 50 mm PP kortovergang 
RL;4;2215389;2767;0;110 x 50 mm PP kortovergang 
RL;4;2215391;2835;0;110 x 75 mm PP kortovergang 
RL;4;2250374;48879;0;110 mm Jordingsrør f/avløp 
RL;4;2250443;52524;0;110x300mm Jordingsrør m/Kabel 
RL;4;2251059;3541;0;110 mm  PVC avløpsrør rødbrun 
RL;4;2251079;5700;0;125 mm  PVC avløpsrør rødbrun 
RL;4;2251119;9104;0;160 mm  PVC avløpsrør rødbrun 
RL;4;2251159;14766;0;200 mm  PVC avløpsrør rødbrun 
RL;4;2350459;18997;0;160 mm PVC trykkrør PN 10/12,5 
RL;4;2394022;626;0;20 mm PE 80 trykkrør SDR 11 
RL;4;2394024;470;0;20 mm PE 80 trykkrør SDR 11 
RL;4;2394028;900;0;25 mm PE 80 trykkrør SDR 11 
RL;4;2394029;670;0;25 mm PE 80 trykkrør SDR 11 
RL;4;2394032;1386;0;32 mm PE 80 trykkrør SDR 11 
RL;4;2394034;1040;0;32 mm PE 80 trykkrør SDR 11 
RL;4;2394037;2043;0;40 mm PE 80 trykkrør SDR 11 
RL;4;2394039;1570;0;40 mm PE 80 trykkrør SDR 11 
RL;4;2394042;3128;0;50 mm PE 80 trykkrør SDR 11 
RL;4;2394044;2470;0;50 mm PE 80 trykkrør SDR 11 
RL;4;2394051;4950;0;63 mm PE 80 trykkrør SDR 11 
RL;4;2394054;3940;0;63 mm PE 80 trykkrør SDR 11 
RL;4;2405101;13150;0;Isotermrør vann 32/60 T75 
RL;4;2405104;12299;0;Isotermrør vann 32/60 T75 
RL;4;2405105;12299;0;Isotermrør vann 32/60 T300 
RL;4;2405172;17870;0;32/60 mm Isotermrør T2000 
RL;4;2407251;8200;0;40/70 mm Isoterm varmepumperør 
RL;4;2407252;7654;0;40/70 mm Isoterm varmepumperør 
RL;4;2407401;6105;0;ETL 10 V.kabel maxl  f/vannrør 
RL;4;2510634;12900;0;32 mm union PRK 
RL;4;2510834;8400;0;32 x 1"   tipp m/red.gj. PRK 
RL;4;2561034;13575;0;32 mm Isiflo union 6-10 kg 
RL;4;2561434;9136;0;32  x 1"   Isiflo tippunion 
RL;4;3070809;3218;0;110 mm PP DV drensrør 
RL;4;3070813;7938;0;160 mm PP DV drensrør 
RL;4;3074509;3543;0;110/97 mm PP DV overvannsrør 
RL;4;3074524;6900;0;160/139 mm PP DV overvannsrør 
RL;4;3078809;3977;0;110 mm PP avløpsrør rødbrun 
RL;4;3082457;2377;0;75 mm x 45° PP bend 
RL;4;3082462;3586;0;110 mm x 15° PP bend 
RL;4;3082464;3586;0;110 mm x 30° PP bend 
RL;4;3082466;3586;0;110 mm x 45° PP bend 
RL;4;3082598;5382;0;110  x  110 mm PP grenrør 45° 
RL;4;3082904;2950;0;110 mm PP dobbelmuffe 
RL;4;3104629;2200;0;83/100 PE drensrør m/slisse 
RL;4;3240616;1316344;0;4 m3  slamavskiller 3-Kammer 
RL;4;3244516N5;1259051;0;4 m3  slamavskiller 
RL;4;3301045;45400;0;Furnes stoppekranboks 4" 
RL;4;3302428;130800;0;Ulefos lokk NST-1992 SjK 
RL;4;3302462;135000;0;Ulefos fl. ramme UFNS 1990 
RL;4;3302612;106200;0;Ulefos fl. ramme UFL-31,5 
RL;4;3302613;98200;0;Ulefos lokk låsbart UTL-31,5 
RL;4;3356806;235800;0;315/355 korrugert oppføringrør 
RL;4;3383606;87900;0;32 mm Isiflo bakkekran 
RL;4;3401045;29000;0;75mm Joti plast L-sluk 04 side 
RL;4;3401046;29000;0;75mm Joti plast L-sluk 04 side 
RL;4;3401049;75596;0;75mm Joti stpj. KS-sluk 04 
RL;4;3401051;84700;0;75mm Joti stpj. KS-sluk 04 
RL;4;3401053;32600;0;50mm Joti M-sluk m/sideløp 
RL;4;3401129;21300;0;Avløpstrakt/badstusluk Joti 
RL;4;3401651;25400;0;75mm Joti plast K-sluk 04 
RL;4;3401653;25400;0;75mm Joti plast K-sluk 04 side 
RL;4;3401654;25100;0;50mm Joti plast K-sluk 04 side 
RL;4;3401655;25400;0;75mm Joti plast K-sluk 04 side 
RL;4;3403521;15551;0;75mm Jafo PS  PP sluk 90 
RL;4;3410809;19775;0;75 Serres gulvsluk rett 88 
RL;4;3410811;22470;0;75 Serres gulvsluk rett 88 
RL;4;3410814;19838;0;75 Serres gulvsluk skrå 45 
RL;4;3410815;22408;0;75 Serres gulvsluk skrå 45 
RL;4;3410817;22408;0;75 Serres gulvsluk bunnutl. 
RL;4;4200018;61300;0;Oras Vega servantbatteri 
RL;4;4200031;120800;0;Oras Cubista servantbatteri 
RL;4;4200039;284900;0;Oras Cubista servantbatteri 
RL;4;4200047;335400;0;Oras Alessi One serv.batteri 
RL;4;4200335;154200;0;Oras Cubista kjøkkenbatteri 
RL;4;4200336;224300;0;Oras Cubista kjøkkenbatteri 
RL;4;4200348;158000;0;Oras Vega kjøkkenbatteri 
RL;4;4200357;117700;0;Oras Safira kjøkkenbatteri 
RL;4;4200358;93595;0;Oras Safira kjøkkenbatteri 
RL;4;4200359;177200;0;Oras Safira kjøkkenbatteri 
RL;4;4200484;191200;0;Oras Eterna term.kran 
RL;4;4200488;72000;0;Oras Safira veggbatteri 
RL;4;4200638;266700;0;Oras Eterna term.kran 
RL;4;4201157;51524;0;Oras Safira servantbatteri 
RL;4;4201172;101600;0;Oras Vienda servantbatteri 
RL;4;4201231;274900;0;Oras Alessi servantbatteri 
RL;4;4201633;161000;0;Oras Vienda kjøkkenbatteri 
RL;4;4201635;156900;0;Oras Vienda kjøkkenbatteri 
RL;4;4201637;184200;0;Oras Vienda kjøkkenbatteri 
RL;4;4201671;540900;0;Oras Ventura kjøkkenbatteri 
RL;4;4201742;275200;0;Oras Aventa kjøkkenbatteri 
RL;4;4202501;216400;0;Oras Cubista dusjbatteri 
RL;4;4202662;72278;0;Oras Oramix dusjbatteri 
RL;4;4202762;164749;0;Oras Electra servantbatteri 
RL;4;4203001;32741;0;Oras Apollo dusjsett 
RL;4;4203005;37739;0;Oras Apollo sparedusjsett 
RL;4;4203009;22200;0;Oras Apollo dusjsett 
RL;4;4203032;56520;0;Oras Sensiva dusjsett 
RL;4;4203245;5948;0;Oras veggfeste til hånddusj 
RL;4;4203343;6064;0;Oras såpekopp til Apollo 
RL;4;4203659;21743;0;Oras tappekran 
RL;4;4203664;24244;0;Oras vaskemaskinkran 
RL;4;4203685;71553;0;Oras DN 20 frostfri utekran 
RL;4;4203689;6064;0;Oras nøkkel til DN15 og DN20 
RL;4;4203814;8549;0;Oras 11/4" servantventil 
RL;4;4203901;6604;0;Oras 3/8"x3/4" eksenterkupling 
RL;4;4203905;7641;0;Oras 1/2"x3/4" eksenterkupling 
RL;4;4203918;9569;0;Oras 3/4"x1/2" eksenterkupling 
RL;4;4203947;3718;0;Oras 3/4" lav rosett 
RL;4;4203951;2809;0;Oras 3/4" rosett 
RL;4;4203961;440;0;Oras plastring for rosett 
RL;4;4203971;9459;0;Oras 3/4"x12 monteringskupling 
RL;4;4203985;7384;0;Oras 3/4"x1/2" platealbue 
RL;4;4203989;7540;0;Oras 1/2"x3/8" platealbue innv 
RL;4;4204003;11023;0;Oras 3/4"x12 mm platealbue 
RL;4;4204016;9152;0;Oras forankringskupling 
RL;4;4204042;6604;0;Oras 1/2"x3/4" rett nippel 
RL;4;4204111;6064;0;Oras 35 mm forlengelsesstykke 
RL;4;4204264;11284;0;Oras 150 mm U-tut 
RL;4;4204265;13156;0;Oras 200 mm U-tut 
RL;4;4204279;20368;0;Oras  75 mm fast tut 
RL;4;4204282;24818;0;Oras 150 mm svingbar utløpstut 
RL;4;4204421;3770;0;Oras M22x 1 innv. perlator 
RL;4;4204429;3770;0;Oras M24x 1  utv. perlator 
RL;4;4204461;2974;0;Oras 1/2"x3/4" overgang 
RL;4;4204469;3546;0;Oras 3/4"innvx1/2"utv overgang 
RL;4;4204525;22651;0;Oras 160 mm hjelpehendel 
RL;4;4204572;7975;0;Oras lukkemekanisme kaldt 
RL;4;4204576;7975;0;Oras lukkemekanisme varmt 
RL;4;4204695;2226;0;Oras leppepakningsett 
RL;4;4204804;18191;0;Oras 6V batteri 
RL;4;4204965;79600;0;Oras Natura dusjsett 
RL;4;4220097;266700;0;Grohe Allure servantbatteri 
RL;4;4220098;388900;0;Grohe Allure servantbatteri 
RL;4;4220117N5;45900;0;Grohe Eurosmart servantbatteri 
RL;4;4220173;232800;0;Eurosmart Cosmo.serv.arm. 
RL;4;4220204;258500;0;Grohe Essence kjøkkenbatteri 
RL;4;4220262;65800;0;Grohe Eurosmart kjøkkenbatteri 
RL;4;4220284;77500;0;Grohe Eurosmart kjøkkenbatteri 
RL;4;4220293;236900;0;Grohe Minta kjøkkenbatteri 
RL;4;4220332;138300;0;Grohe Rapido T innvendig del 
RL;4;4220519;783720;0;Grohe Red kj.armatur 
RL;4;4220639;38064;0;Grohe NewTemp.Cldusjstangsett3 
RL;4;4220978;67900;0;Grohe Eurosmart servantbatteri 
RL;4;4221012;86000;0;Grohe Essence servantbatteri 
RL;4;4221317;381200;0;Grohe K7 ettgrep proffkj.batt. 
RL;4;4222524;89240;0;Grohe Grohtherm 1000 dusjbatt 
RL;4;4222526;256600;0;Grohe Grohtherm 3000 dusjbatt 
RL;4;4222546;242200;0;Grohe Grohtherm 3000 
RL;4;4223325;5148;0;Grohe 1/2" kranoverdel 
RL;4;4223328;36142;0;Grohe lekkasjesikring 
RL;4;4223499;35100;0;Grohe New tempesta dusjsett 
RL;4;4223518;19189;0;Grohe overdel for 1/2" Nucorn 
RL;4;4223519;19372;0;Grohe overdel for 1/2" Nucorn 
RL;4;4223524;19058;0;Grohe overdel for 3/8" Trecorn 
RL;4;4223525;19656;0;Grohe overdel for 1/2" Trecorn 
RL;4;4223569;16068;0;Grohe 1/2" keramisk overdel 
RL;4;4223605;432500;0;Grohe Euphoria dusjsystem 
RL;4;4225707;131900;0;Grohe Rainshower dusjsett 
RL;4;4225715;731200;0;Grohe Rainshower dusjsystem 
RL;4;4225753;56823;0;Grohe Tempesta Duo dusjsett 
RL;4;4225755;60200;0;GROHE Tempesta Trio dusjsett 
RL;4;4242412;68300;0;HG Talis S servantbatteri 
RL;4;4242424;89500;0;HG Talis S servantbatteri 
RL;4;4243706;76418;0;HG Ecostat 1001 SL dusjbatteri 
RL;4;4244916;41685;0;HG Croma 100 Vario dusjsett 
RL;4;4244947;14300;0;HG Croma 100 Vario hånddusj 
RL;4;4244986;25410;0;HG Crometta 85 Vario dusjsett 
RL;4;4246227;726800;0;HG Raindance AIR Showerpipe 
RL;4;4247455;69500;0;HG Raindance S120 AIR hånddusj 
RL;4;4252195;31100;0;HG 1 1/4" Push-open bunnventil 
RL;4;4290047;60700;0;Mora MMIX B5 servantbatteri 
RL;4;4290051;67900;0;Mora MMIX B5 servantbatteri 
RL;4;4290233;87600;0;Mora MMIX K6 kjøkkenbatteri 
RL;4;4290234;106300;0;Mora MMIX K6 kjøkkenbatteri 
RL;4;4290266;92000;0;Mora MMIX T5 dusjbatteri 
RL;4;4290366;126400;0;Mora MMIX T5 badekarbatteri 
RL;4;4290621;43400;0;Mora MMIX S5 dusjgarnityr 
RL;4;4290894;177600;0;Mora Inxx A1 servantbatteri 
RL;4;4290898;198300;0;Mora Inxx A2 servantbatteri 
RL;4;4291323;226600;0;Mora Inxx A2 kjøkkenbatteri 
RL;4;4291334;237848;0;Mora Inxx A1 kjøkkenbatteri 
RL;4;4291725;165200;0;Mora Inxx A1 dusjbatteri 
RL;4;4295101;10296;0;Mora 3/4"x1/2" gjennomføring 
RL;4;4295151;31771;0;Mora Fix monteringsplate 
RL;4;4300013;63100;0;FMM 9000E servantbatteri 
RL;4;4301306;64892;0;FMM servantbatteri 
RL;4;4301602;106952;0;FMM kjøkkenbatteri 
RL;4;4301613;84111;0;FMM kjøkkenbatteri 
RL;4;4301617;84111;0;FMM kjøkkenbatteri 
RL;4;4301618;106776;0;FMM kjøkkenbatteri 
RL;4;4301803;75871;0;FMM veggbatteri grunnmodell 
RL;4;4301806;295500;0;FMM Combi sikkerh.batt/dusjset 
RL;4;4302728;142196;0;FMM Combi dusjpakke 
RL;4;4303805;45990;0;FMM vannutkaster 
RL;4;4304099;2808;0;FMM tetningsringer (par) 
RL;4;4304201;26574;0;FMM 3/4"x3/4" eksenterkupling 
RL;4;4305565;1591;0;FMM krankjegle 
RL;4;4305706;18669;0;FMM mykstengende overdel 
RL;4;4305739;17940;0;FMM mykstengende innsats 
RL;4;4306091;2730;0;FMM nøkkel 
RL;4;4340384;43500;0;GB Nautic servantbatteri 
RL;4;4340765;62002;0;GB Nautic kjøkkenbatteri 
RL;4;4340766;81862;0;GB Nautic kjøkkenbatteri 
RL;4;4341895;55619;0;GB Nordic dusjbatteri 
RL;4;4342815;19825;0;GB 150 mm svingbar S-tut 
RL;4;4342954;33900;0;GB vannutkaster 
RL;4;4342969;3646;0;GB 8 mm nøkkel 
RL;4;4343054;17400;0;GB push-down bunnventil 
RL;4;4343071;32337;0;GB blanderfeste 
RL;4;4343196;28716;0;GB servicepatron med topplokk 
RL;4;4358761N5;24700;0;A-Collection Basic dusjsett 
RL;4;4358764N5;40700;0;A-Collection Lux dusjsett 
RL;4;4358765N5;57400;0;A-Collection XL dusjsett bøyd 
RL;4;4416768;9774;0;1/2x10 forst.kr. m/lang stamme 
RL;4;4451116;560200;0;1" JRGUMAT 3400 - 30-45C 
RL;4;4451119;538800;0;1" JRGUMAT 3400 - 45-65C 
RL;4;4451126;618200;0;11/4" JRGUMAT 3400 - 30-45C 
RL;4;4451129;618200;0;11/4" JRGUMAT 3400 - 45-65C 
RL;4;4451139;915600;0;11/2" JRGUMAT 3400 - 45-65C 
RL;4;4511019;5855;0;VIEGA 50x50 mm S-vannlås 
RL;4;4513359;3814;0;1 1/4" x 32mm flaskevannlås 
RL;4;4513372;5230;0;11/4"x32mm kombivannlås hvit 
RL;4;4522091;6031;0;Pili forskalingsform 
RL;4;4522104;18851;0;Pili sluk u/jording 
RL;4;5002202;3039;0;12 x 1.0mm kobberrør f/kap.lod 
RL;4;5002203;4030;0;15 x 1.0mm kobberrør f/kap.lod 
RL;4;5002221;3840;0;10 x 0.8 mm plastbl. kobberrør 
RL;4;5002222;4449;0;12 x 1.0 mm plastbl. kobberrør 
RL;4;5002223;6676;0;15 x 1.0 mm plastbl. kobberrør 
RL;4;5002231;3663;0;10 x 0.8 mm plastbl. kobberrør 
RL;4;5002232;4264;0;12 x 1.0 mm plastbl. kobberrør 
RL;4;5002233;6321;0;15 x 1.0 mm plastbl. kobberrør 
RL;4;5002602;6501;0;10x0.8mm glød.forkr. kobberrør 
RL;4;5002604N5;9127;0;12 x 1mm glød.forkr. kobberrør 
RL;4;5002605;5956;0;15 x 1mm glød.forkr. kobberrør 
RL;4;5002606;11790;0;15 x 1mm glød.forkr. kobberrør 
RL;4;5002611;6359;0;10x0,8mm halvh.forkr kobberrør 
RL;4;5002613;8721;0;12 x 1mm halvh.forkr kobberrør 
RL;4;5002614;11558;0;12 x 1mm halvh.forkr kobberrør 
RL;4;5002615;11034;0;15 x 1mm halvh.forkr kobberrør 
RL;4;5002616;14831;0;15 x 1mm halvh.forkr kobberrør 
RL;4;5083703;1577;0;15/25 mm Roth MultiPex R-I-R 
RL;4;5083704;1577;0;15/25 mm Roth MultiPex R-I-R 
RL;4;5083705;2348;0;18/28 mm Roth MultiPex R-I-R 
RL;4;5083706;3172;0;22/34 mm Roth MultiPex R-I-R 
RL;4;5083833;1528;0;12x2.0/25 Roth MultiPex R-I-R 
RL;4;5083836;1577;0;15 x 2.5 Roth MultiPex R-I-R 
RL;4;5083839;1577;0;15 x 2.5 Roth MultiPex R-I-R 
RL;4;5083843;2348;0;18 x 2.5 Roth MultiPex R-I-R 
RL;4;5083846;3172;0;22 x 3.0 Roth MultiPex R-I-R 
RL;4;5110003;1251;0;10 x 1.8 mm Wirsbo-pex rør 
RL;4;5110005;1219;0;12 x 2.0 mm Wirsbo-pex rør 
RL;4;5110007;1363;0;15 x 2.5 mm Wirsbo-pex rør 
RL;4;5110053;1465;0;12 x 2.0 mm Wirsbo-pex R-I-R 
RL;4;5110056;1581;0;15 x 2.5 mm Wirsbo-pex R-I-R 
RL;4;5110057;1616;0;15 x 2.5 mm  Wirsbo-pex R-I-R 
RL;4;5110059;2615;0;18 x 2.5 mm  Wirsbo-pex R-I-R 
RL;4;5110063;3101;0;22 x 3.0 mm Wirsbo-pex R-I-R 
RL;4;5110093;11363;0;15x1/2" Q&E veggboks M6 enkel 
RL;4;5110096;14871;0;15x1/2" veggboks M6 FPL enkel 
RL;4;5111513;1400;0;12 mm Sanipex rør-i-rør 
RL;4;5111515;1518;0;16 mm Sanipex rør-i-rør 
RL;4;5111516;2957;0;20 mm Sanipex rør-i-rør 
RL;4;5111518;6357;0;25 mm Sanipex rør-i-rør 
RL;4;5111632;11091;0;1/2" x 12 mm 90' veggboks 
RL;4;5111634;12011;0;1/2" x 16 mm 90' veggboks 
RL;4;5111635;26575;0;1/2" x 20 mm 90' veggboks 
RL;4;5111656;25751;0;3/4" x 20 mm 90' veggboks 
RL;4;5111692;25331;0;1/2" x 16 x 12 dobbel veggboks 
RL;4;5111694;29741;0;1/2" x 16 x 16 dobbel veggboks 
RL;4;5111714;40644;0;1/2"x16x16x16 trippel veggboks 
RL;4;5111755;13923;0;16 mm fordeler 1 
RL;4;5111763;14206;0;12 mm fordeler 2 
RL;4;5111765;15203;0;16 mm fordeler 2 
RL;4;5111773;19689;0;12 mm fordeler 3 
RL;4;5111775;22000;0;16 mm fordeler 3 
RL;4;5111786;24545;0;16 mm fordeler 2+2 
RL;4;5112094;7779;0;1/2" x 16 mm tippunion 
RL;4;5112104;7863;0;1/2" x 16 mm union 
RL;4;5112122;9104;0;16-12 mm overgangsunion 
RL;4;5112908;7880;0;1/2" x 10 mm Vinkelventil 
RL;4;5113284;210514;0;Sanipex fordelerskap 2x5 
RL;4;5113285;246648;0;Sanipex fordelerskap 2x8 
RL;4;5113286;293900;0;Sanipex fordelerskap 2x12 
RL;4;5544953;112600;0;3/4" JRGSTOP tilb.sl.vent. 
RL;4;5544966;145500;0;1" JRGSTOP tilb.sl.vent. 
RL;4;5544969;199100;0;11/4" JRGSTOP tilb.sl.vent. 
RL;4;5544973;240900;0;11/2" JRGSTOP tilb.sl.vent. 
RL;4;5627258;37953;0;1/2" honeywell red.vent 2.5bar 
RL;4;5627259;35500;0;Honeywell D06F-1/2A 
RL;4;5627263;39200;0;Honeywll D06F-3/4A 
RL;4;5627273;159500;0;Honeywell D06F-11/2A 
RL;4;5648201;290000;0;NRL-Stoppen 
RL;4;5648206;269500;0;3/4 waterguard aut.vannstopp 
RL;4;5648213;450300;0;Waterguard NRL-Smart Stopp 
RL;4;5648215;241400;0;Waterguard 1/2" adapter 
RL;4;5648217;434500;0;3/4" waterguard aut vannstop. 
RL;4;5648253;137931;0;1/2 waterguard adapt/str.kutt 
RL;4;5648256;163038;0;1/2 waterguard veggmodell 
RL;4;5648272;576058;0;3/4 waterguard smart trådløs 
RL;4;5660562;8629;0;1/2" kuletappekr. m/kpl.m/ving 
RL;4;5663269;7665;0;1/2x3/4" vaskemaskinkr. 
RL;4;5663274;9831;0;1/2x3/4" vaskem.kran m/tilb.v. 
RL;4;5665003;3916;0;3/8" kuleventil m/stålhendel 
RL;4;5665004;5054;0;1/2" kuleventil m/stålhendel 
RL;4;5665005;7377;0;3/4" kuleventil m/stålhendel 
RL;4;5665006;10484;0;1" kuleventil m/stålhendel 
RL;4;5665007;15781;0;11/4" kuleventil m/stålhendel 
RL;4;5665024;5085;0;1/2" kuleventil m/vinge 
RL;4;6000215;58800;0;PB Seven D servant 
RL;4;6000216;73500;0;PB Seven D servant 
RL;4;6000222;77900;0;PB Seven D servant 
RL;4;6000224;115500;0;PB Seven D servant 
RL;4;6002122;137800;0;PB Trevi Basic klosett 
RL;4;6002124;146500;0;PB Trevi Basic klosett 
RL;4;6002231;74900;0;PB Seven D veggskål 
RL;4;6002238;305500;0;PB Seven D klosett, høy 
RL;4;6002241;154000;0;PB Seven D klosett 
RL;4;6002242;149800;0;PB Seven D klosett 
RL;4;6002243;223000;0;PB Seven D klosett 
RL;4;6002246;307500;0;PB Seven D klosett, høy 
RL;4;6002263;199000;0;PB veggskål seven D Image 
RL;4;6004207;77200;0;PB Seven D klosettsete 
RL;4;6004216;13500;0;PB Seven D propensete 
RL;4;6004218;52500;0;PB Seven D hardt klosettsete 
RL;4;6004220;72500;0;PB Seven D hardt klosettsete 
RL;4;6004229;57500;0;PB Trevi hardsete hvitt 
RL;4;6004801;201000;0;PB armlene med papirholder 
RL;4;6004803;216800;0;PB armlene med papirholder 
RL;4;6005206;55016;0;PB Stopnois 3 innløpsventil 
RL;4;6020129;59336;0;GB Logic 5198 servant 
RL;4;6020132;51405;0;GB Logic 5393 servant, høyre 
RL;4;6020145;175770;0;GB Logic møbelservant 
RL;4;6020201;53415;0;GB Nautic 5540 servant høyre 
RL;4;6020207;40400;0;GB Nautic 5550 servant 
RL;4;6022963;115000;0;GB Nordic 390 klosett 
RL;4;6022964;129300;0;GB Nordic 392 klosett 
RL;4;6023011;133900;0;GB Nautic 5500 klosett 
RL;4;6023013;159500;0;GB Nautic 5500 klosett 
RL;4;6023021;161527;0;GB Nautic 5510 klosett 
RL;4;6023024;150435;0;GB Nautic 5510 klosett 
RL;4;6023034;72200;0;GB Nautic 5530 veggskål 
RL;4;6025412;10500;0;GB propensete for 390 
RL;4;6025414;38600;0;GB Lux-sete for 390 
RL;4;6025421;31424;0;GB hardt klosettsete for 390 
RL;4;6025425;12643;0;GB Nautic propensete 
RL;4;6025426;34800;0;GB Nautic hardplastsete 
RL;4;6025427;55500;0;GB Nautic hardplastsete 
RL;4;6025506;43500;0;GB hardplastsete hvit 
RL;4;6025611;208700;0;GB Nordic armstøtte, med sete 
RL;4;6026201;43398;0;GB NC bunnventil 
RL;4;6026764;96000;0;GB armstøtte med støtteben 
RL;4;6030209;192271;0;GB badekar 1600x700 
RL;4;6031118;141054;0;GB helfrontstativ 7016 
RL;4;6040014;51600;0;IFØ Plan porselenservant 55 cm 
RL;4;6040521;233400;0;IFØ Sign 7782 servant, compact 
RL;4;6043622;91495;0;IFØ bærejern til Sign 96487 
RL;4;6043667;173644;0;IFØ Sign 7322 møbelpakke 
RL;4;6043668;171533;0;IFØ Sign 7358 møbelpakke 
RL;4;6043669;174400;0;Ifø Cera møbelpakke 2222 
RL;4;6044101;158549;0;IFØ Sign 6860 klosett 
RL;4;6044103;158549;0;IFØ SignFix 6860 klosett 
RL;4;6044104;198240;0;IFØ Sign 6862 klosett 
RL;4;6044107;198096;0;IFØ Sign 6870 klosett 
RL;4;6044112;72293;0;IFØ Sign 6875 veggskål 
RL;4;6044123;264800;0;IFØ Sign 6861 klosett, høy 
RL;4;6044128;201100;0;IFØ Sign Art 6775 veggskål 
RL;4;6044172;314687;0;IFØ Cera 3832 klosett, kort 
RL;4;6046552;25075;0;IFØCera/Solo hardt klosettsete 
RL;4;6046585;37043;0;IFØ Sign hardt klosettsete 
RL;4;6046586;34413;0;IFØ Sign hardt klosettsete 
RL;4;6046587;70912;0;IFØ Sign hardt klosettsete 
RL;4;6046595;19000;0;IFØ Sign propensete 
RL;4;6047205;196600;0;Ifø Support toalettarmstøtte 
RL;4;6047465;215105;0;IFØ Support toalettarmstøtte 
RL;4;6047526;4914;0;IFØ membran komplett 
RL;4;6047576;4550;0;IFØ ventilring 
RL;4;6047632;25222;0;IFØ bunnventil komplett 
RL;4;6050019;207452;0;IFØ Caribia badekar 1600 
RL;4;6050024;278548;0;IFØ Caribia badekar 1500 
RL;4;6052024;81927;0;IFØ Caribia frontpanel 1583 
RL;4;6052919;49160;0;IFØ Caribia endepanel 653 
RL;4;6068517;42500;0;A-Collection klosettsete 
RL;4;6080018;131100;0;V&B Oblic servant, høyre 
RL;4;6080019;82300;0;V&B Oblic servant, venstre 
RL;4;6080303;47023;0;GB Nordic 2450 servant, høyre 
RL;4;6090208;142500;0;V&B Subway veggskål 
RL;4;6090211;151000;0;V&B Subway veggskål compact 
RL;4;6090212;240800;0;V&B Oblic veggskål 
RL;4;6090214;82200;0;V&B Oblic klosettsete 
RL;4;6090218;135500;0;V&B Subway 2 veggskål 
RL;4;6090255;117400;0;V&B O'Novo veggskål for barn 
RL;4;6090261;119600;0;V&B klosettsete f/komb.m/P-lås 
RL;4;6090268;191000;0;V&B Omnia Vita veggskål 
RL;4;6092561;104300;0;V&B sisterne 
RL;4;6096503;10600;0;GB propensete standard 
RL;4;6096505;26100;0;GB hardt klosettsete 
RL;4;6096507;113700;0;V&B Subway klosettsete 
RL;4;6096509;124300;0;V&B Subway klosettsete compact 
RL;4;6096518;67900;0;V&B O'Novo klosettsete m/lokk 
RL;4;6096519;86800;0;V&B Subway 2 klosettsete 
RL;4;6165824;26407;0;GEBERIT Duofix veggbeslag 
RL;4;6165845;551800;0;Monolith BTW Sisterne 
RL;4;6165846;551800;0;Geberit Monolith 
RL;4;6165847;571161;0;Geberit Monolith 
RL;4;6165943;213191;0;GEBERIT Duofix sisterne 
RL;4;6166403;83756;0;GEBERIT Tango betjeningsplate 
RL;4;6166413;30123;0;GEBERIT Samba betjeningsplate 
RL;4;6166414;37646;0;GEBERIT Samba betjeningsplate 
RL;4;6166415;41984;0;GEBERIT Samba betjeningsplate 
RL;4;6166416;41371;0;GEBERIT Samba betjeningsplate 
RL;4;6166422;42844;0;GEBERIT Rumba betjeningsplate 
RL;4;6166427;52816;0;GEBERIT Bolero betjeningsplate 
RL;4;6166451;34090;0;GEBERIT Kappa20 betjeningspl. 
RL;4;6166463;39900;0;GEBERIT Sigma 10 betjeningspl. 
RL;4;6166475;41800;0;GEBERIT Sigma 20 betjeningspl. 
RL;4;6166476;136065;0;GEBERIT Sigma 50 betjeningspl. 
RL;4;6166484;150746;0;GEBERIT Duofix 3 sisterne 
RL;4;6166495;246600;0;Duo wc-element frontbetjent 
RL;4;6166498;157294;0;GEB. Duofix wc-element 112cm 
RL;4;6175241;214800;0;INTRA servant RS72 
RL;4;6180012;131119;0;FOSS Surf kunstmarmorservant 
RL;4;6180501;132400;0;FOSS porselen servant 
RL;4;6180502;187200;0;FOSS porselen servant 
RL;4;6180512;124700;0;FOSS kunstmarmorservant 
RL;4;6180513;169700;0;FOSS kunstmarmorservant 
RL;4;6180514;169700;0;FOSS kunstmarmorservant 
RL;4;6180515;215500;0;FOSS kunstmarmorservant 
RL;4;6180516;239200;0;FOSS kunstmarmorservant 
RL;4;6180518;428300;0;FOSS kunstmarmorservant 
RL;4;6186352;494600;0;INTRA Endura-spylefri urinal 
RL;4;6188551;23864;0;Tubman flottørkran  FU 
RL;4;6190002;82331;0;Pressalit Sign sete 
RL;4;6190003;85825;0;Pressalit Sign sete 
RL;4;6190201;87592;0;Pressalit New Scandinavia sete 
RL;4;6190221;121900;0;Pressalit Sign Art sete 
RL;4;6190224;168300;0;Pressalit SignArt toa.sete 
RL;4;6190243;132833;0;Pressalit Sign Art toalettsete 
RL;4;6190245;48000;0;Pressalit Norden klosettsete 
RL;4;6190257;47300;0;Pressalit Selandia tresete 
RL;4;6190321;42900;0;Pressalit Tivoli 2 
RL;4;6190401;68332;0;Pressalit Cera/Ceranova 
RL;4;6191901;65800;0;Grohe Fresh innstalleringssett 
RL;4;6191938;149500;0;Grohe Rapid SL innb.sisterne 
RL;4;6191987;32900;0;Grohe Nova Cosmopolitan 
RL;4;6192064;109100;0;Skate Cosmop.trykkplate 
RL;4;6192083;34700;0;Grohe Arena trykkplate 
RL;4;6192093;221561;0;Rapid SL+lekkasjeboks 
RL;4;6192155;250660;0;Rapid SL+lekkasjeboks 
RL;4;6192421;41400;0;Grohe Skate betjeningsplate 
RL;4;6192437;196558;0;Grohe Rapid SL innb.sisterne 
RL;4;6192481;32700;0;Grohe Skate Cosmo betjeningspl 
RL;4;6192494;114400;0;Grohe Rapid SL innb.sisterne 
RL;4;6195703;6761;0;Serres klosettstuss 
RL;4;6284954;199100;0;Tema Macro front hjørne 
RL;4;6284963;306030;0;Tema Macro dusjkar 
RL;4;6284964;70400;0;Tema Macro servicehylle 
RL;4;6284987;127300;0;Tema Macro bakvegg 
RL;4;6285026;267900;0;Tema Macro framparti 
RL;4;6285147;183700;0;Tema Macro servicehylle 
RL;4;6285168;278500;0;Tema Macro hjørne dusjkar 
RL;4;6285243;62272;0;Tema Macro sidevegg 
RL;4;6295673;471000;0;PB Showerama 7-3 dusjhjørne 
RL;4;6295676;416500;0;PB Showerama 7-3 dusjhjørne 
RL;4;6296209;379500;0;PB Funksjonssøyle 8-5 
RL;4;6296243;214500;0;PB Dusjkar modell 8-5 sort fro 
RL;4;6296245;379500;0;PB Funksjonssøyle modell 8-5 
RL;4;6296252;131000;0;PB Bakparti modell 8-5 
RL;4;6296274;174300;0;PB Frontparti modell 8-5 
RL;4;6296523;308300;0;PB Shoverama 8-4 buet 
RL;4;6301554;178800;0;GB Nordic NQ90G-W dusjhjørne 
RL;4;6301555;178800;0;GB Nordic NQ90G-W dusjhjørne 
RL;4;6301593;156600;0;GB Nordic NC90G-C dusjhjørne 
RL;4;6301594;156600;0;GB Nordic NC90G-C dusjhjørne 
RL;4;6301607;188500;0;GB Skandic SQ90G dusjhjørne 
RL;4;6301608;188500;0;GB Skandic SQ90G dusjhjørne 
RL;4;6301628;243200;0;GB Skandic SA90G nisjedør 
RL;4;6306325;123363;0;IFØ Solid SKH 79 dusjkar 
RL;4;6306326;123363;0;IFØ Solid SKH 97 dusjkar 
RL;4;6306327;120944;0;IFØ Solid SKH 88 dusjkar 
RL;4;6306328;131000;0;IFØ Solid SKH 99 dusjkar 
RL;4;6306332;113200;0;IFØ Solid SKP V 99 dusjkar 
RL;4;6306333;113200;0;IFØ Solid SKP N 99 dusjkar 
RL;4;6306338;234700;0;IFØ Solid SKP VK 99 framparti 
RL;4;6306341;215276;0;IFØ Solid SKH VK 79 framparti 
RL;4;6306345;211189;0;IFØ Solid SKH VK 88 framparti 
RL;4;6306349;215278;0;IFØ Solid SKH VK 99 framparti 
RL;4;6306352;359938;0;IFØ Solid SKR NK 99 framparti 
RL;4;6306358;234700;0;IFØ Solid SKP NK 99 framparti 
RL;4;6306362;215276;0;IFØ Solid SKH NK 79 framparti 
RL;4;6306363;127192;0;IFØ Solid SK NK 79 bakparti 
RL;4;6306368;211189;0;IFØ Solid SKH NK 88 framparti 
RL;4;6306375;241066;0;IFØ Solid SKH NK 99 framparti 
RL;4;6306378;153400;0;IFØ Solid standard dusjsøyle 
RL;4;6306379;153400;0;IFØ Solid standard dusjsøyle 
RL;4;6306381;312800;0;IFØ Solid lux dusjsøyle 
RL;4;6306472;199954;0;IFØ Space 2000 dusjvegg, buet 
RL;4;6306474;179214;0;IFØ Space 2000 dusjvegg, buet 
RL;4;6306475;199954;0;IFØ Space 2000 dusjvegg, buet 
RL;4;6306525;186950;0;IFØ Space 2000 dusjvegg, rett 
RL;4;6306575;192185;0;IFØ Space 2000 dusjvegg, rett 
RL;4;6306577;194197;0;IFØ Space 2000 dusjvegg, rett 
RL;4;6306578;223758;0;IFØ Space 2000 dusjvegg, rett 
RL;4;6306579;199954;0;IFØ Space 2000 dusjvegg, rett 
RL;4;6306591;92314;0;IFØ TPSN profil 
RL;4;6306616;420760;0;IFØ Solid SVP NK 99 dusjhjørne 
RL;4;6306777;237500;0;IFØ Next overdel NKH 88 VK 
RL;4;6306798;118724;0;IFØ Next dusjkar NK/NKH 88 
RL;4;6306904;118700;0;IFØ Solid SK VK 99 bakparti 
RL;4;6306905;118700;0;IFØ Solid SK NK 99 bakparti 
RL;4;6311854;114993;0;A-collection dusjpanel 
RL;4;6311855;115004;0;A-collection frontparti 
RL;4;6311859;114983;0;A-collection dusjkar 
RL;4;6311862;115004;0;A-collection bakvegg 
RL;4;6311871;222793;0;A-Collection TORI dusjhjørne 
RL;4;6311872;218545;0;A-Collection MONI dusjhjørne 
RL;4;6311873;218545;0;A-Collection MONI dusjhjørne 
RL;4;6311874;218545;0;A-Collection MONI dusjhjørne 
RL;4;6311887;222771;0;A-Collection TORI dusjhjørne 
RL;4;6311888;122588;0;A-collection Tori badekarvegg 
RL;4;6318317;73188;0;GB noc-nordic dusjkar 
RL;4;6318326;258394;0;GB noc-nordic dørsats 
RL;4;6318327;99027;0;GB noc-nordic bakvegger 
RL;4;6318338;361200;0;Nautic halvrund hj.kabinett 
RL;4;6318339;245000;0;Nautic halvrund hj.kabinett 
RL;4;6318345;106100;0;Nautic halvrund hj.kabinett 
RL;4;6320003;85560;0;INTRA utslagsvask GUB 460 
RL;4;6320004;294300;0;INTRA Omnia kjøkkenvask 1 kum 
RL;4;6320006;23900;0;INTRA bøtterist for GUB 
RL;4;6320007;224600;0;INTRA Contour kjøkkenvask 
RL;4;6320008;224600;0;INTRA Contour kjøkkenvask 
RL;4;6320024;127200;0;INTRA Universo kjøkkenvask 
RL;4;6320216;111500;0;INTRA Barents kjøkkenvask 
RL;4;6320449;213600;0;INTRA Horizon kjøkkenvask 
RL;4;6321806;172521;0;INTRA vaskekar VKB 50 
RL;4;6321813;147600;0;INTRA vaskekar VK 44 for vegg 
RL;4;6321824;98685;0;INTRA vaskekar VK 50 PK 
RL;4;6321826;187400;0;INTRA vaskekar VK 60 for vegg 
RL;4;6503503;582694;0;INTRA minikjøkken CKC1000 
RL;4;6503506;582694;0;INTRA minikjøkken CKC1000 
RL;4;6503807;545273;0;Bauknecht minikjøkken MK 1116 
RL;4;6503808;545273;0;Bauknecht minikjøkken MK 1116 
RL;4;7000056;46200;0;FOSS topp for høyt skap 
RL;4;7000098;213000;0;FOSS Variant servantskap 
RL;4;7000171;252000;0;Foss lystopp 
RL;4;7000175;319500;0;Foss lystopp 
RL;4;7000198;248500;0;Foss speil med lys og stikk 
RL;4;7000199;274800;0;Foss speil med lys og stikk 
RL;4;7000202;191200;0;Foss lystopp for speilskap 
RL;4;7000203;191200;0;Foss lystopp for speilskap 
RL;4;7000204;218600;0;Foss lystopp for speilskap 
RL;4;7000214;10300;0;FOSS standard blindfelt 
RL;4;7000215;176300;0;Foss Var.servantskap.2 skuffer 
RL;4;7000217;229800;0;Foss servantskap. 2 skuffer 
RL;4;7000218;229800;0;Foss servantskap. 2 skuffer 
RL;4;7000227;90000;0;Foss frontpk.f/Var. hvit matt 
RL;4;7000237;187600;0;Foss frontpk.f/Var. chic 
RL;4;7000238;205600;0;Foss frontpk.f/Var. valnøtt 
RL;4;7000257;343700;0;Foss speilskap med mezzo LED 
RL;4;7000297;30000;0;FOSS Variant/Block overskap 
RL;4;7000301;33100;0;FOSS standard skuffefront 
RL;4;7000381;51600;0;Foss hylle glass 6mm herdet 
RL;4;7000881;52581;0;FOSS speil 
RL;4;7000978;44316;0;FOSS speil 
RL;4;7002036;80000;0;FOSS 60 cm lysarmatur 
RL;4;7002056;84200;0;FOSS standard servantskap 
RL;4;7002074;72800;0;FOSS standard servantskap 
RL;4;7004502;183500;0;FOSS Variant servantskap 
RL;4;7004505;177300;0;FOSS Variant skufferekke 
RL;4;7004506;50200;0;FOSS Variant servantskap 
RL;4;7004507;41000;0;FOSS Variant sideskap 
RL;4;7004508;91700;0;FOSS Variant/Block høyt skap 
RL;4;7004509;68900;0;FOSS Variant/Block høyt skap 
RL;4;7004514;249200;0;FOSS speil med lys 
RL;4;7004558;80300;0;FOSS Variant/Block dør 
RL;4;7004571;80300;0;FOSS Variant/Block dør 
RL;4;7004584;67600;0;FOSS Variant/Block dør 
RL;4;7004599;44700;0;FOSS hylle 
RL;4;7004654;80400;0;FOSS speilskap med glasshyller 
RL;4;7004655;80400;0;FOSS speilskap med glasshyller 
RL;4;7026019;226200;0;IFØ Plan underskap m/skuff 
RL;4;7026811;232900;0;IFØ Option speil m/belysning 
RL;4;7031044;139700;0;GB Logic servantskap 1890 
RL;4;7031084;7600;0;GB Logic håndtak C 
RL;4;8000266;1313200;0;OSO EPC 300 3+9kW VVB 
RL;4;8000501;317835;0;Oso Super boligbereder S 120 
RL;4;8000502;304253;0;Oso Super boligbereder S 200 
RL;4;8000503;473854;0;Oso Super boligbereder S 300 
RL;4;8010216;327900;0;120-2kW Oso RB  benkebereder 
RL;4;8010218;287394;0;120-2kW Oso RBS benkebereder 
RL;4;8010376;1244000;0;300-3kW oppe Oso EP bereder 
RL;4;8010382;1504000;0;400-3kW oppe Oso EP bereder 
RL;4;8020516;342837;0;R 120 CTC Ferroterm bereder 
RL;4;8020519;348224;0;R 200 CTC Ferroterm bereder 
RL;4;8020543;332611;0;I 120 CTC Ferroterm bereder 
RL;4;8020585;348224;0;R 200 T CTC Ferroterm bereder 
RL;4;8020606;384732;0;CTC 100L HeatInjection bereder 
RL;4;8020616;399612;0;200 Heat Injection CTC bereder 
RL;4;8020619;525120;0;300 Heat Injection CTC bereder 
RL;4;8356002;1207;0;16x1,8 mm Arjonfloor pexrør 
RL;4;8357573;3346;0;26x3 mm Alu-LaserPlus rør 
RL;4;8357574;4712;0;32x3 mm Alu-LaserPlus rør 
RL;4;8361957;1029;0;17x2 mm Uponor pePEX Q&E Rør 
RL;4;8361959;988;0;17x2 mm Uponor pePEX Q&E Rør 
RL;4;8361971;1424;0;20x2 mm Uponor pePEX Q&E Rør 
RL;4;8361973;1094;0;20x2 mm Uponor pePEX Q&E Rør 
RL;4;8361975;1032;0;20x2 mm Uponor pePEX Q&E Rør 
RL;4;8370014;756;0;10,5 mm Roth X-pert S5 rør 
RL;4;8370015;953;0;10,5 mm Roth X-pert S5 rør 
RL;4;8370032;989;0;16 mm Roth X-pert S5 rør 
RL;4;8370034;989;0;16 mm Roth X-pert S5 rør 
RL;4;8370035;785;0;16 mm Roth X-pert S5 rør 
RL;4;8370045;1132;0;20 mm Roth X-pert S5 rør 
RL;4;8370094;1127;0;Roth varerør 90 
RL;4;8370252;3446;0;Roth varmefordelingsplate 
RL;4;8370311;3414;0;Roth leggeskinne f/16 mm 
RL;4;8417693;1580;0;Arcus HX-35 varmeoverf.medium 
RL;4;8522303;58129;0;3/8" gruppeventil m/målenippel 
RL;4;8522305;58129;0;1/2" gruppeventil m/målenippel 
RL;4;8522309;59896;0;3/4" gruppeventil m/målenippel 
RL;4;8522312;70014;0;1" gruppeventil m/målenippel 
RL;4;8522314;89198;0;11/4" gruppeventil m/målenipp. 
RL;4;9040013;398500;0;Grundfos jetpumpe JP 5/20 
RL;4;9041306;956800;0;Grundfos dykkpumpe SQ1-110 
RL;4;9041313;765900;0;Grundfos dykkpumpe SQ 2-70 
RL;4;9043063;574700;0;Magna 25-100 sirk.pumpe 1-fas 
RL;4;9302214;11731;0;1/2V x 1/2R 120 cm trykkslange 
RL;4;9305755;8712;0;1/2R x 3/8R  30 cm trykkslange 
RL;4;9314293;26497;0;2-delt stengeventil m/utv 466b 
RL;4;9432529;1880;0;33  X 20  Jackopor skåler 
RL;4;9432536;2846;0;42  X 20  Jackopor skåler 
RL;4;9435009;7548;0;50 x 600 x 1200 mm Jackofoam 
RL;4;9435209;9691;0;50 x 600 x 2400 mm Jackofoam 
RL;4;9435513;18990;0;60 x 150 x 200 kulvert kasse 
RL;4;9435609;7270;0;50 x 320 x 1000 lokk f/kulvert 
RL;4;9815494;135030;0;1/2" Viva watersafe enkel 
